﻿时间,车型,车名,厂商指导价格范围,全国月关注,质保,环保标准,油耗,燃油标号
2024年4月,微型车关注排行榜*数据源于行业综合销售,小蚂蚁,5.99-8.29万,30460,质保：暂无数据,环保标准：暂无数据,油耗：暂无数据,燃油标号：暂无数据
2024年4月,小型车关注排行榜*数据源于行业综合销售,Polo,9.09-12.49万,821283,质保：三年或10万公里，两年或6万公里，2年或6万公里,环保标准：国VI，国V，国IV+OBD，国IV(国V)，欧III，国IV,油耗：5.5 - 6.5L,燃油标号：92号 - 95号
2024年4月,小型车关注排行榜*数据源于行业综合销售,飞度,8.18-10.88万,766848,质保：三年或10万公里，2年或6万公里,环保标准：国V，国VI，国IV(国V)，欧IV,油耗：5.3 - 6.4L,燃油标号：92号
2024年4月,小型车关注排行榜*数据源于行业综合销售,宝骏310,3.78-6.08万,355159,质保：三年或6万公里,环保标准：国VI，国V,油耗：5.1 - 5.4L,燃油标号：92号
2024年4月,小型车关注排行榜*数据源于行业综合销售,威驰,7.38-9.48万,302441,质保：两年或5万公里，三年或10万公里，2年或5万公里,环保标准：欧IV，欧III，国V，国IV(国V)，国VI,油耗：7.1 - 6.5L,燃油标号：92号
2024年4月,小型车关注排行榜*数据源于行业综合销售,YARiS L 致炫,8.58-10.38万,210292,质保：三年或10万公里,环保标准：国VI，国IV(国V)，国V,油耗：5 - 5.4L,燃油标号：92号
2024年4月,小型车关注排行榜*数据源于行业综合销售,悦纳,7.28-9.68万,203479,质保：三年或10万公里,环保标准：国VI，国V,油耗：5 - 6.1L,燃油标号：92号
2024年4月,小型车关注排行榜*数据源于行业综合销售,YARiS L 致享,8.78-9.38万,168599,质保：三年或10万公里，3年或10万公里,环保标准：国VI，国V,油耗：5.2 - 5.3L,燃油标号：92号
2024年4月,小型车关注排行榜*数据源于行业综合销售,威驰FS,8.58-9.28万,114983,质保：三年或10万公里,环保标准：国VI，国V,油耗：5 - 5.4L,燃油标号：92号
2024年4月,小型车关注排行榜*数据源于行业综合销售,MINI,19.98-37.88万,77042,质保：两年不限公里，三年或10万公里,环保标准：欧IV，国VI，欧V，国V,油耗：7.9 - 7.5L,燃油标号：95号 - 92号
2024年4月,小型车关注排行榜*数据源于行业综合销售,MINI CLUBMAN,27.83-34.96万,30957,质保：三年或10万公里，两年不限公里,环保标准：国VI，欧V，欧IV,油耗：6 - 7.9L,燃油标号：95号 - 92号
2024年4月,小型车关注排行榜*数据源于行业综合销售,焕驰,6.69-7.09万,1947,质保：三年或10万公里,环保标准：国VI，国V,油耗：5 - 5.2L,燃油标号：92号
2024年4月,紧凑型车关注排行榜*数据源于行业综合销售,思域,12.99-18.79万,1526335,质保：两年或6万公里，三年或10万公里,环保标准：国IV，国VI，国IV(国V)，国V，欧III,油耗：5 - 6L,燃油标号：92号 - 95号
2024年4月,紧凑型车关注排行榜*数据源于行业综合销售,朗逸,8.00-15.19万,1288649,质保：三年或10万公里，两年或6万公里,环保标准：国V，国IV，国VI，国IV(国V)，国IV+OBD,油耗：5.8 - 5.2L,燃油标号：95号 - 92号
2024年4月,紧凑型车关注排行榜*数据源于行业综合销售,凌渡,14.39-19.09万,970539,质保：三年或10万公里,环保标准：国V，国VI,油耗：5.4 - 6.7L,燃油标号：95号
2024年4月,紧凑型车关注排行榜*数据源于行业综合销售,卡罗拉,11.68-15.58万,881638,质保：三年或10万公里，两年或5万公里,环保标准：国V，国VI，国IV(国V)，国IV,油耗：4.2 - 5.8L,燃油标号：92号
2024年4月,紧凑型车关注排行榜*数据源于行业综合销售,速腾,12.79-17.29万,825042,质保：三年或10万公里，两年或6万公里，2年或6万公里，3年或10万公里,环保标准：国IV(国V)，国VI，国IV+OBD，国V，欧IV，欧III,油耗：7.6 - 8L,燃油标号：95号 - 92号
2024年4月,紧凑型车关注排行榜*数据源于行业综合销售,轩逸,10.86-17.49万,820191,质保：三年或10万公里，两年或6万公里，五年或15万公里，3年或10万公里,环保标准：国V，欧III，国VI，国IV(国V)，欧IV，欧IV+OBD,油耗：5.2 - 6.9L,燃油标号：92号
2024年4月,紧凑型车关注排行榜*数据源于行业综合销售,宝来,9.88-15.70万,765006,质保：三年或10万公里，两年或6万公里,环保标准：国VI，国IV(国V)，国IV+OBD，国V,油耗：5.3 - 7.6L,燃油标号：95号 - 92号
2024年4月,紧凑型车关注排行榜*数据源于行业综合销售,奥迪A3,20.31-25.13万,694776,质保：三年或10万公里,环保标准：国V，国VI，国IV(国V),油耗：6.2 - 5.6L,燃油标号：95号
2024年4月,紧凑型车关注排行榜*数据源于行业综合销售,桑塔纳,8.79-11.28万,616689,质保：三年或10万公里,环保标准：国V，国IV(国V)，国VI,油耗：5.9 - 6.1L,燃油标号：92号 - 95号
2024年4月,紧凑型车关注排行榜*数据源于行业综合销售,凌派,10.98-16.98万,500922,质保：三年或10万公里,环保标准：国VI，国IV(国V)，国V,油耗：4 - 6.3L,燃油标号：92号
2024年4月,紧凑型车关注排行榜*数据源于行业综合销售,马自达3 昂克赛拉,8.99-18.99万,443400,质保：三年或10万公里,环保标准：国VI，国V，国IV(国V),油耗：5.6 - 5.2L,燃油标号：92号 - 95号
2024年4月,紧凑型车关注排行榜*数据源于行业综合销售,高尔夫,12.98-22.98万,439110,质保：两年或6万公里，三年或10万公里，2年或6万公里，1年或不限里程，1年或4万公里,环保标准：国IV，国VI，国V，国IV+OBD，国IV(国V)，欧IV，欧III,油耗：6.3 - 5.1L,燃油标号：95号 - 92号
2024年4月,紧凑型车关注排行榜*数据源于行业综合销售,威朗,12.89-15.89万,429139,质保：三年或10万公里,环保标准：国V，国VI,油耗：5.9 - 6.2L,燃油标号：92号
2024年4月,紧凑型车关注排行榜*数据源于行业综合销售,宝马1系,20.89-24.99万,382877,质保：三年或10万公里,环保标准：国VI，国V,油耗：5.5 - 6.2L,燃油标号：95号
2024年4月,紧凑型车关注排行榜*数据源于行业综合销售,雷凌,11.38-14.88万,360311,质保：三年或10万公里,环保标准：国V，国VI，国IV(国V),油耗：5.6 - 5.2L,燃油标号：92号
2024年4月,紧凑型车关注排行榜*数据源于行业综合销售,艾瑞泽5,5.99-7.59万,334152,质保：三年或10万公里，三年或8万公里,环保标准：国VI，国V,油耗：6.9 - 7.2L,燃油标号：92号
2024年4月,紧凑型车关注排行榜*数据源于行业综合销售,蓝鸟,12.59-13.39万,324668,质保：三年或10万公里,环保标准：国V，国VI,油耗：5.3 - 5.6L,燃油标号：92号
2024年4月,紧凑型车关注排行榜*数据源于行业综合销售,奔驰CLA,30.28-39.58万,305248,质保：三年不限公里,环保标准：国VI，欧V,油耗：6.1 - 6.2L,燃油标号：95号
2024年4月,紧凑型车关注排行榜*数据源于行业综合销售,起亚K3,11.29-14.39万,282135,质保：三年或10万公里,环保标准：国VI，国IV(国V),油耗：6.3 - 6.7L,燃油标号：92号
2024年4月,紧凑型车关注排行榜*数据源于行业综合销售,福克斯,11.98-14.58万,269696,质保：三年或10万公里，两年或4万公里，2年或4万公里,环保标准：国IV，国VI，国V，国III,油耗：6.4 - 5.3L,燃油标号：92号
2024年4月,紧凑型车关注排行榜*数据源于行业综合销售,悦动,8.49-11.59万,255793,质保：三年或10万公里，两年或6万公里,环保标准：国IV(国V)，国VI，国V，国IV，国Ⅳ,油耗：6.8 - 5.7L,燃油标号：92号
2024年4月,紧凑型车关注排行榜*数据源于行业综合销售,骐达TIIDA,8.99-11.59万,182900,质保：三年或10万公里，两年或6万公里，2年或6万公里,环保标准：欧IV+OBD，欧III，国VI，国V,油耗：6.4 - 7.2L,燃油标号：92号 - 95号
2024年4月,紧凑型车关注排行榜*数据源于行业综合销售,昕锐,9.99万,182023,质保：三年或10万公里,环保标准：国IV(国V)，国V，国VI,油耗：6.2 - 6.6L,燃油标号：92号
2024年4月,紧凑型车关注排行榜*数据源于行业综合销售,标致408,10.97-12.57万,160461,质保：三年或10万公里，两年或6万公里，五年或15万公里,环保标准：国IV，国V，国VI,油耗：8.1 - 7L,燃油标号：92号
2024年4月,紧凑型车关注排行榜*数据源于行业综合销售,奔驰A级(进口),26.38-27.38万,136807,质保：三年不限公里，两年不限公里,环保标准：欧V，国VI，欧IV,油耗：6.1 - 7L,燃油标号：95号
2024年4月,紧凑型车关注排行榜*数据源于行业综合销售,凯越,8.39-9.99万,127228,质保：两年或6万公里，2年或6万公里，三年或10万公里,环保标准：欧III，欧IV，国VI，国V，国IV(国V),油耗：9.1 - 6.6L,燃油标号：92号
2024年4月,紧凑型车关注排行榜*数据源于行业综合销售,宝马2系,27.29-41.98万,90270,质保：三年或10万公里，3年或不限里程,环保标准：欧V，国VI，欧VI,油耗：5.8 - 7.7L,燃油标号：95号
2024年4月,紧凑型车关注排行榜*数据源于行业综合销售,景逸S50,6.99-7.99万,86418,质保：八年或16万公里，五年或10万公里,环保标准：国V，国VI，国IV(国V),油耗：7.7 - 6.2L,燃油标号：92号
2024年4月,紧凑型车关注排行榜*数据源于行业综合销售,帝豪,6.99-12.98万,78214,质保：四年或10万公里，四年或15万公里,环保标准：国V，国VI,油耗：6.1 - 5.8L,燃油标号：92号
2024年4月,紧凑型车关注排行榜*数据源于行业综合销售,奔驰B级,26.98-28.38万,65107,质保：三年不限公里，两年不限公里,环保标准：欧V，国VI，欧IV,油耗：6.4 - 5.7L,燃油标号：95号
2024年4月,紧凑型车关注排行榜*数据源于行业综合销售,启辰D60,8.88-9.98万,53665,质保：三年或10万公里,环保标准：国V，国VI,油耗：5.9 - 5.4L,燃油标号：92号
2024年4月,紧凑型车关注排行榜*数据源于行业综合销售,高尔夫(进口),21.46万,53248,质保：三年或10万公里，3年或10万公里，2年或不限里程，两年不限公里,环保标准：国IV(国V)，欧VI，欧IV，国V，欧V,油耗：5.5 - 5.7L,燃油标号：95号
2024年4月,紧凑型车关注排行榜*数据源于行业综合销售,奔驰A级AMG(进口),39.57-58.37万,40706,质保：三年不限公里,环保标准：国VI，国V，国IV(国V),油耗：7.8 - 7.7L,燃油标号：95号
2024年4月,紧凑型车关注排行榜*数据源于行业综合销售,名爵6,10.98-13.98万,31658,质保：三年或10万公里，三年或6万公里，3年或10万公里,环保标准：国VI，国IV+OBD，国V，国IV(国V),油耗：5.9 - 8.5L,燃油标号：92号
2024年4月,紧凑型车关注排行榜*数据源于行业综合销售,奔驰CLA AMG,44.98-63.62万,31156,质保：三年不限公里,环保标准：国VI，欧V,油耗：7.8 - 7.5L,燃油标号：95号
2024年4月,紧凑型车关注排行榜*数据源于行业综合销售,福瑞迪,8.08-10.48万,29599,质保：三年或10万公里，三年或5万公里,环保标准：国V，国IV(国V)，国VI，国IV,油耗：5.7 - 5.6L,燃油标号：92号
2024年4月,紧凑型车关注排行榜*数据源于行业综合销售,逸动,7.29-10.39万,20403,质保：三年或10万公里，四年或10万公里，三年或6万公里,环保标准：国V，国VI，国IV(国V)，国IV,油耗：6.1 - 6.8L,燃油标号：92号
2024年4月,紧凑型车关注排行榜*数据源于行业综合销售,秦新能源,6.49-17.48万,18843,质保：六年或15万公里，待查，四年或10万公里，三年或10万公里,环保标准：国IV(国V)，国VI，国V,油耗：1.6 - 1.4L,燃油标号：92号
2024年4月,紧凑型车关注排行榜*数据源于行业综合销售,MG5,6.79-9.99万,12508,质保：三年或10万公里，3年或10万公里,环保标准：国VI，国IV(国V),油耗：5.6 - 6.1L,燃油标号：92号
2024年4月,紧凑型车关注排行榜*数据源于行业综合销售,斯巴鲁WRX,36.98万,5974,质保：暂无数据,环保标准：暂无数据,油耗：暂无数据,燃油标号：暂无数据
2024年4月,紧凑型车关注排行榜*数据源于行业综合销售,DS 4,26.28-29.18万,5051,质保：三年或10万公里,环保标准：国VI，欧IV,油耗：暂无数据,燃油标号：92号 - 95号
2024年4月,紧凑型车关注排行榜*数据源于行业综合销售,思域(进口),42.00万,2762,质保：暂无数据,环保标准：国VI,油耗：暂无数据,燃油标号：92号 - 95号
2024年4月,紧凑型车关注排行榜*数据源于行业综合销售,明锐,10.99-15.49万,1690,质保：两年或6万公里，三年或10万公里，2年或6万公里,环保标准：国IV，国V，国VI，国III，国IV(国V),油耗：8 - 6.1L,燃油标号：92号 - 95号
2024年4月,紧凑型车关注排行榜*数据源于行业综合销售,伊兰特,9.98-14.98万,274,质保：三年或10万公里，两年或6万公里，2年或6万公里，待查,环保标准：国VI，国III，欧III，国IV,油耗：5.4 - 6.9L,燃油标号：92号
2024年4月,中型车关注排行榜*数据源于行业综合销售,奥迪A4L,30.58-39.98万,1398126,质保：三年或10万公里，两年不限公里,环保标准：国V，国VI，国IV+OBD，国IV(国V)，国IV,油耗：6.1 - 7.2L,燃油标号：95号
2024年4月,中型车关注排行榜*数据源于行业综合销售,君威,15.98-24.98万,1265933,质保：两年或6万公里，三年或10万公里，2年或6万公里,环保标准：国IV，国V，国IV(国V)，国VI，国III+OBD，欧III,油耗：8.8 - 7.5L,燃油标号：92号 - 89号
2024年4月,中型车关注排行榜*数据源于行业综合销售,雅阁,16.98-25.98万,1205840,质保：三年或10万公里，3年或10万公里，2年或6万公里,环保标准：欧III，国VI，国IV(国V)，欧IV，国V,油耗：4.4 - 7.8L,燃油标号：92号
2024年4月,中型车关注排行榜*数据源于行业综合销售,速派,17.49-19.49万,1102815,质保：三年或10万公里,环保标准：国VI，国V+OBD，国IV(国V),油耗：6.1 - 5.6L,燃油标号：95号
2024年4月,中型车关注排行榜*数据源于行业综合销售,宝马3系,29.99-39.99万,981944,质保：两年不限公里，三年或10万公里，2年或不限里程,环保标准：欧IV，国VI，国IV(国V)，国V，欧III,油耗：6.5 - 6.6L,燃油标号：95号
2024年4月,中型车关注排行榜*数据源于行业综合销售,蒙迪欧,14.98-21.98万,931932,质保：两年或4万公里，三年或10万公里，2年或4万公里,环保标准：欧III，国IV(国V)，国VI，国V，国IV,油耗：7.9 - 4.2L,燃油标号：92号
2024年4月,中型车关注排行榜*数据源于行业综合销售,迈腾,18.69-30.99万,915541,质保：两年或6万公里，三年或10万公里，两年或4万公里,环保标准：国IV+OBD，国V，国VI，国IV(国V)，欧IV,油耗：8.3 - 9.6L,燃油标号：95号 - 92号
2024年4月,中型车关注排行榜*数据源于行业综合销售,奔驰C级,33.23-38.06万,817630,质保：三年不限公里,环保标准：国VI，欧V，欧IV，欧Ⅳ,油耗：6.3 - 7.9L,燃油标号：95号
2024年4月,中型车关注排行榜*数据源于行业综合销售,帕萨特,18.19-24.33万,710762,质保：三年或10万公里，两年或6万公里，2年或6万公里，2年或5万公里，3年或10万公里,环保标准：国IV(国V)，国VI，欧IV，国V,油耗：7.6 - 8.1L,燃油标号：95号 - 92号
2024年4月,中型车关注排行榜*数据源于行业综合销售,奥迪A5,37.18-49.88万,643232,质保：三年或10万公里，两年不限公里,环保标准：国V，欧IV+OBD，国VI，欧IV,油耗：7.1 - 9.4L,燃油标号：95号
2024年4月,中型车关注排行榜*数据源于行业综合销售,博瑞,13.18-14.38万,589957,质保：四年或10万公里,环保标准：国V，国VI,油耗：7.8 - 10L,燃油标号：92号 - 95号
2024年4月,中型车关注排行榜*数据源于行业综合销售,君越,17.99-28.98万,537387,质保：三年或10万公里，两年或6万公里，2年或6万公里,环保标准：国IV(国V)，国V，国IV，欧IV，国VI，欧III,油耗：8.6 - 10.4L,燃油标号：92号 - 95号
2024年4月,中型车关注排行榜*数据源于行业综合销售,凯美瑞,17.18-26.98万,483081,质保：两年或5万公里，三年或10万公里,环保标准：欧IV，国VI，国IV(国V)，国V,油耗：9.4 - 6.4L,燃油标号：92号 - 95号
2024年4月,中型车关注排行榜*数据源于行业综合销售,名图,13.38-16.88万,432692,质保：五年或10万公里，可选:三年或15万公里/五年或10万公里/七年或7万公里,环保标准：国V，国IV(国V)，国VI,油耗：6.7 - 7.5L,燃油标号：92号
2024年4月,中型车关注排行榜*数据源于行业综合销售,天籁,17.98-23.98万,339202,质保：三年或10万公里，两年或6万公里，2年或6万公里,环保标准：欧IV+OBD，国VI，欧IV，国V，国IV(国V)，欧III，国V(国VI),油耗：9.5 - 10.2L,燃油标号：92号 - 95号
2024年4月,中型车关注排行榜*数据源于行业综合销售,一汽-大众CC,24.99-29.99万,336864,质保：两年或6万公里，三年或10万公里，2年或6万公里,环保标准：国IV，国VI，国IV+OBD，国V+OBD，国V,油耗：8 - 9.4L,燃油标号：95号
2024年4月,中型车关注排行榜*数据源于行业综合销售,起亚K5,16.28-20.68万,282737,质保：五年或10万公里，待查,环保标准：国VI，国IV(国V)，国V，国IV,油耗：6.8 - 7.4L,燃油标号：92号
2024年4月,中型车关注排行榜*数据源于行业综合销售,迈锐宝XL,17.59-21.99万,238321,质保：三年或10万公里,环保标准：国V，国VI,油耗：4.3 - 5.7L,燃油标号：92号 - 95号
2024年4月,中型车关注排行榜*数据源于行业综合销售,Giulia朱丽叶,33.60-98.58万,227681,质保：三年不限公里,环保标准：国VI，国V,油耗：10 - 7.1L,燃油标号：92号 - 95号
2024年4月,中型车关注排行榜*数据源于行业综合销售,奔驰C级(进口),35.54-39.28万,190546,质保：三年不限公里，两年不限公里，待查,环保标准：欧V，国VI，欧IV，欧Ⅳ,油耗：7 - 7.7L,燃油标号：95号
2024年4月,中型车关注排行榜*数据源于行业综合销售,沃尔沃S60,29.69-38.49万,186517,质保：三年不限公里,环保标准：国VI，国V，国IV(国V),油耗：7.1 - 6.7L,燃油标号：95号
2024年4月,中型车关注排行榜*数据源于行业综合销售,Arteon,34.80万,167125,质保：三年或10万公里,环保标准：国VI,油耗：暂无数据,燃油标号：95号
2024年4月,中型车关注排行榜*数据源于行业综合销售,传祺GA6,16.88万,165961,质保：三年或10万公里,环保标准：国VI，国V,油耗：6.6 - 6.4L,燃油标号：92号
2024年4月,中型车关注排行榜*数据源于行业综合销售,宝马4系,37.39-57.69万,164948,质保：三年或10万公里,环保标准：国V，国VI,油耗：7.7 - 7.5L,燃油标号：95号
2024年4月,中型车关注排行榜*数据源于行业综合销售,英菲尼迪Q50L,26.48-38.98万,147305,质保：四年或10万公里,环保标准：欧V，国VI，国V,油耗：7.4 - 7.6L,燃油标号：95号
2024年4月,中型车关注排行榜*数据源于行业综合销售,标致508,15.97-22.47万,128974,质保：两年或6万公里，三年或10万公里,环保标准：国IV(国V)，国VI，国V，国IV,油耗：8.4 - 6.3L,燃油标号：92号 - 95号
2024年4月,中型车关注排行榜*数据源于行业综合销售,雪铁龙C6,22.68-23.68万,98592,质保：三年或10万公里,环保标准：国V，国VI,油耗：6.6 - 6.3L,燃油标号：95号 - 92号
2024年4月,中型车关注排行榜*数据源于行业综合销售,蔚揽,26.48-33.88万,64149,质保：三年或10万公里，3年或10万公里,环保标准：欧VI，国VI,油耗：7.5 - 6.6L,燃油标号：95号
2024年4月,中型车关注排行榜*数据源于行业综合销售,奔驰C级AMG,57.38-116.08万,54677,质保：三年不限公里,环保标准：欧VI，国VI，欧IV,油耗：9.1 - 8.9L,燃油标号：95号 - 98号
2024年4月,中型车关注排行榜*数据源于行业综合销售,宝马M4,89.39-105.88万,52173,质保：三年或10万公里,环保标准：欧VI，国VI,油耗：8.4 - 8.6L,燃油标号：95号
2024年4月,中型车关注排行榜*数据源于行业综合销售,奔腾B70,10.59-14.49万,45471,质保：三年或10万公里，三年或6万公里,环保标准：国IV(国V)，国IV，欧IV，国VI，国V,油耗：7.6 - 6.1L,燃油标号：92号 - 95号
2024年4月,中型车关注排行榜*数据源于行业综合销售,奥迪RS 5,85.28-87.48万,42311,质保：三年或10万公里,环保标准：国VI，国IV(国V),油耗：9.1 - 11.4L,燃油标号：95号
2024年4月,中型车关注排行榜*数据源于行业综合销售,奥迪A4(进口),35.98-44.68万,42237,质保：三年或10万公里，两年不限公里,环保标准：国VI，国IV+OBD，欧V，欧IV,油耗：7.9 - 6.1L,燃油标号：95号 - 92号
2024年4月,中型车关注排行榜*数据源于行业综合销售,宝马M3,86.39-91.39万,39437,质保：三年或10万公里，两年不限公里,环保标准：欧IV，欧VI，国VI,油耗：12.3 - 12.1L,燃油标号：95号
2024年4月,中型车关注排行榜*数据源于行业综合销售,奥迪S5,63.18-70.88万,36894,质保：三年或10万公里，3年或10万公里，两年不限公里,环保标准：国VI，欧IV+OBD，国V,油耗：8.3 - 9.7L,燃油标号：95号
2024年4月,中型车关注排行榜*数据源于行业综合销售,沃尔沃V60,30.43-39.58万,18200,质保：三年不限公里，两年或10万公里,环保标准：国V，国VI，国IV(国V),油耗：5.9 - 8.4L,燃油标号：95号
2024年4月,中型车关注排行榜*数据源于行业综合销售,Mirai,74.80-75.10万,4700,质保：暂无数据,环保标准：暂无数据,油耗：暂无数据,燃油标号：暂无数据
2024年4月,中型车关注排行榜*数据源于行业综合销售,奥迪S4,48.88-52.18万,3659,质保：三年或10万公里,环保标准：国VI，国V,油耗：8.2 - 8.6L,燃油标号：95号
2024年4月,中型车关注排行榜*数据源于行业综合销售,MG7,11.98-16.98万,886,质保：三年或6万公里,环保标准：国IV，国VI，欧IV,油耗：9.2 - 10.6L,燃油标号：92号
2024年4月,中大型车关注排行榜*数据源于行业综合销售,宝马5系,43.65-56.25万,1251864,质保：三年或10万公里，两年不限公里，2年或不限里程,环保标准：国VI，国IV(国V)，欧IV，国V，欧III,油耗：6.5 - 6.4L,燃油标号：95号
2024年4月,中大型车关注排行榜*数据源于行业综合销售,奥迪A6L,42.79-65.68万,725596,质保：三年或10万公里，两年不限公里，2年或不限里程，2年或6万公里,环保标准：国V，欧IV，国VI，国IV(国V)，欧IV+OBD,油耗：7.6 - 9.2L,燃油标号：95号 - 0号
2024年4月,中大型车关注排行榜*数据源于行业综合销售,奔驰E级,44.01-59.98万,537081,质保：三年不限公里，2年或不限里程,环保标准：欧V，国VI，欧IV,油耗：6.7 - 7.9L,燃油标号：95号
2024年4月,中大型车关注排行榜*数据源于行业综合销售,辉昂,34.30-44.90万,345254,质保：三年或10万公里,环保标准：国V，国VI,油耗：9.1 - 6.8L,燃油标号：95号
2024年4月,中大型车关注排行榜*数据源于行业综合销售,捷豹XFL,39.98-49.78万,344703,质保：三年或10万公里,环保标准：国VI，欧V，国V,油耗：8.7 - 7.9L,燃油标号：95号
2024年4月,中大型车关注排行榜*数据源于行业综合销售,雷克萨斯ES,29.69-48.89万,272782,质保：四年或10万公里，六年或15万公里,环保标准：欧IV，国VI，国V,油耗：6.9 - 6.6L,燃油标号：92号 - 95号
2024年4月,中大型车关注排行榜*数据源于行业综合销售,沃尔沃S90,40.69-50.59万,232979,质保：三年不限公里,环保标准：国VI，国V,油耗：7.1 - 6.9L,燃油标号：95号
2024年4月,中大型车关注排行榜*数据源于行业综合销售,凯迪拉克CT6,35.97-46.97万,215178,质保：三年不限公里,环保标准：国V，国VI,油耗：7.9 - 7.2L,燃油标号：95号
2024年4月,中大型车关注排行榜*数据源于行业综合销售,传祺GA8,15.68-22.68万,185892,质保：五年或15万公里，四年或10万公里,环保标准：国VI，国V,油耗：7.8 - 7.9L,燃油标号：95号 - 92号
2024年4月,中大型车关注排行榜*数据源于行业综合销售,Model S,69.89-82.89万,179255,质保：暂无数据,环保标准：暂无数据,油耗：暂无数据,燃油标号：暂无数据
2024年4月,中大型车关注排行榜*数据源于行业综合销售,Ghibli,79.58-94.88万,175253,质保：三年不限公里,环保标准：国V，国VI，欧V,油耗：9.1 - 8.9L,燃油标号：95号
2024年4月,中大型车关注排行榜*数据源于行业综合销售,奥迪A7,58.98-78.88万,171845,质保：三年或10万公里，两年不限公里,环保标准：国V，国VI，国IV，欧VI,油耗：8.4 - 6.8L,燃油标号：95号
2024年4月,中大型车关注排行榜*数据源于行业综合销售,红旗H7,25.28-28.88万,153761,质保：四年或10万公里,环保标准：国IV(国V)，国V，国VI,油耗：9.8 - 9.1L,燃油标号：95号 - 92号
2024年4月,中大型车关注排行榜*数据源于行业综合销售,奔驰E级(进口),44.82-66.40万,124556,质保：三年不限公里，两年不限公里,环保标准：国VI，欧V，欧IV,油耗：7 - 6.6L,燃油标号：95号
2024年4月,中大型车关注排行榜*数据源于行业综合销售,宝马5系(进口),43.39-52.99万,116655,质保：三年或10万公里，2年或不限里程，五年或10万公里，两年不限公里，3年或10万公里,环保标准：国VI，国IV(国V)，国V，欧IV，欧V，国IV+OBD,油耗：7.4 - 6.4L,燃油标号：95号
2024年4月,中大型车关注排行榜*数据源于行业综合销售,奥迪A6(进口),46.08-63.78万,92311,质保：三年或10万公里，2年或不限里程，两年或6万公里,环保标准：国V，国VI，欧IV，欧III，国IV(国V),油耗：8.5 - 6.8L,燃油标号：95号 - 92号
2024年4月,中大型车关注排行榜*数据源于行业综合销售,奔驰CLS,57.70-78.40万,88419,质保：三年不限公里，两年不限公里，2年或不限里程,环保标准：欧V，欧IV，国VI,油耗：7 - 8.2L,燃油标号：95号
2024年4月,中大型车关注排行榜*数据源于行业综合销售,奥迪RS 7,146.88万,76093,质保：三年或10万公里,环保标准：欧V，国VI,油耗：10 - 10.3L,燃油标号：95号 - 98号
2024年4月,中大型车关注排行榜*数据源于行业综合销售,宝马M5,145.39万,32953,质保：三年或10万公里，两年不限公里,环保标准：欧V，欧IV，国VI,油耗：10.7 - 10.2L,燃油标号：95号
2024年4月,中大型车关注排行榜*数据源于行业综合销售,奥迪RS 6,145.38万,31809,质保：三年或10万公里,环保标准：国V，国VI,油耗：10 - 11.6L,燃油标号：95号 - 98号
2024年4月,中大型车关注排行榜*数据源于行业综合销售,奥迪S7,103.28-108.08万,30648,质保：三年或10万公里,环保标准：国VI，欧V,油耗：9.1 - 10L,燃油标号：95号
2024年4月,中大型车关注排行榜*数据源于行业综合销售,奥迪S6,85.88万,25848,质保：三年或10万公里,环保标准：国VI，欧V,油耗：9.1 - 9.9L,燃油标号：95号
2024年4月,中大型车关注排行榜*数据源于行业综合销售,皇冠(进口),29.90-42.90万,19829,质保：三年或10万公里,环保标准：国VI,油耗：暂无数据,燃油标号：95号
2024年4月,中大型车关注排行榜*数据源于行业综合销售,沃尔沃V90,39.18-49.28万,13281,质保：三年不限公里,环保标准：国VI，国V,油耗：7.85 - 7.7L,燃油标号：95号
2024年4月,中大型车关注排行榜*数据源于行业综合销售,奔驰E级AMG,96.16-146.88万,5290,质保：三年不限公里，两年不限公里,环保标准：欧VI，国VI，欧IV,油耗：8.7 - 9.4L,燃油标号：95号 - 98号
2024年4月,豪华车关注排行榜*数据源于行业综合销售,宝马7系,91.90-139.80万,475160,质保：三年或10万公里，两年不限公里,环保标准：国VI，欧IV，欧VI，欧IV+OBD，欧V，欧III,油耗：7.5 - 8.4L,燃油标号：95号 - 92号
2024年4月,豪华车关注排行榜*数据源于行业综合销售,Panamera,99.80-247.60万,452983,质保：三年或10万公里，3年或不限里程，2年或不限里程,环保标准：国VI，欧V，欧IV,油耗：9.9 - 7.7L,燃油标号：95号
2024年4月,豪华车关注排行榜*数据源于行业综合销售,奥迪A8,81.18-207.68万,398382,质保：三年或10万公里，两年或6万公里，两年不限公里，2年或6万公里,环保标准：国VI，欧IV，国IV(国V)，国IV，欧IV+OBD，国V,油耗：8.6 - 10.6L,燃油标号：95号
2024年4月,豪华车关注排行榜*数据源于行业综合销售,迈巴赫S级,146.80-364.10万,232351,质保：三年不限公里,环保标准：欧V，国VI,油耗：10.2 - 8.4L,燃油标号：95号
2024年4月,豪华车关注排行榜*数据源于行业综合销售,总裁,141.75-171.08万,191275,质保：三年不限公里，两年不限公里，4年或5万公里，3年或不限里程,环保标准：国VI，国V，欧IV，欧III,油耗：10.6 - 10.7L,燃油标号：95号
2024年4月,豪华车关注排行榜*数据源于行业综合销售,幻影,790.00-986.00万,182790,质保：三年或6万公里，两年或6万公里,环保标准：欧IV，国VI,油耗：14.7 - 14.2L,燃油标号：95号
2024年4月,豪华车关注排行榜*数据源于行业综合销售,飞驰,273.80-377.40万,78668,质保：三年不限公里,环保标准：国VI，欧V，欧IV，欧VI,油耗：16.6 - 14.4L,燃油标号：95号 - 98号
2024年4月,豪华车关注排行榜*数据源于行业综合销售,雷克萨斯LS,87.80-120.00万,77558,质保：六年或15万公里，四年或10万公里，两年或6万公里,环保标准：欧IV，国VI，国V，欧III,油耗：9.6 - 6.7L,燃油标号：95号
2024年4月,豪华车关注排行榜*数据源于行业综合销售,古思特,503.00-577.00万,55540,质保：四年不限公里,环保标准：欧V，国VI，国V,油耗：14.3 - 14.8L,燃油标号：95号
2024年4月,豪华车关注排行榜*数据源于行业综合销售,奥迪S8,207.68万,49724,质保：三年或10万公里，两年或6万公里，两年不限公里,环保标准：国VI，欧IV，欧V,油耗：13.6 - 12L,燃油标号：95号
2024年4月,豪华车关注排行榜*数据源于行业综合销售,捷尼赛思G90,69.88-115.88万,7148,质保：五年或10万公里,环保标准：国VI,油耗：10.64 - 9.84L,燃油标号：95号
2024年4月,豪华车关注排行榜*数据源于行业综合销售,宝马8系,97.80-336.60万,5307,质保：三年或10万公里,环保标准：国VI,油耗：8.6 - 9.4L,燃油标号：95号
2024年4月,豪华车关注排行榜*数据源于行业综合销售,奔驰S级,94.72-204.26万,1573,质保：2年或不限里程，三年不限公里，两年不限公里,环保标准：欧V，欧IV，国VI，国V,油耗：9.1 - 10.9L,燃油标号：95号 - 98号
2024年4月,跑车关注排行榜*数据源于行业综合销售,Mustang,36.98-72.50万,332187,质保：三年或10万公里，两年不限公里，待查，3年或4万公里，两年或4万公里,环保标准：国V，欧V，国VI，欧II,油耗：8.6 - 12.2L,燃油标号：95号 - 98号
2024年4月,跑车关注排行榜*数据源于行业综合销售,保时捷718,56.50-157.80万,294883,质保：三年或10万公里,环保标准：欧V，国VI,油耗：7.7 - 9.1L,燃油标号：95号
2024年4月,跑车关注排行榜*数据源于行业综合销售,保时捷911,129.80-301.00万,169956,质保：三年或10万公里,环保标准：欧IV，欧V，国VI,油耗：11.1 - 12.6L,燃油标号：95号
2024年4月,跑车关注排行榜*数据源于行业综合销售,丰田86,33.86-35.86万,144988,质保：三年或10万公里,环保标准：国IV(国V)，国VI，国V,油耗：8.2 - 7.5L,燃油标号：95号
2024年4月,跑车关注排行榜*数据源于行业综合销售,Huracán,254.00-390.00万,127800,质保：三年不限公里,环保标准：国VI，欧V，欧VI,油耗：12.5 - 13.9L,燃油标号：95号
2024年4月,跑车关注排行榜*数据源于行业综合销售,欧陆,292.50-414.20万,125182,质保：三年不限公里，2年或6万公里,环保标准：国VI，欧VI，欧V，欧IV,油耗：11.2 - 14.3L,燃油标号：95号 - 98号
2024年4月,跑车关注排行榜*数据源于行业综合销售,阿斯顿·马丁DB11,235.80-245.80万,118349,质保：三年不限公里,环保标准：欧V，国VI，国V,油耗：10.5L,燃油标号：95号
2024年4月,跑车关注排行榜*数据源于行业综合销售,捷豹F-TYPE,66.90-69.90万,112698,质保：三年或10万公里,环保标准：国VI，欧V,油耗：7.4 - 11.8L,燃油标号：95号
2024年4月,跑车关注排行榜*数据源于行业综合销售,奥迪R8,232.38万,90837,质保：三年或10万公里，两年不限公里,环保标准：国V，国IV(国V)，国VI，欧IV,油耗：12.4 - 13.4L,燃油标号：95号 - 98号
2024年4月,跑车关注排行榜*数据源于行业综合销售,AMG GT,99.28-229.88万,79948,质保：三年不限公里,环保标准：国VI，欧VI,油耗：9.3 - 12.2L,燃油标号：95号
2024年4月,跑车关注排行榜*数据源于行业综合销售,雷克萨斯LC,115.50-133.60万,71879,质保：六年或15万公里,环保标准：国VI，国V,油耗：12.6 - 6.9L,燃油标号：95号
2024年4月,跑车关注排行榜*数据源于行业综合销售,GranTurismo,188.80-229.80万,69354,质保：三年不限公里，两年不限公里,环保标准：欧IV，欧V，国VI,油耗：13.5 - 15.5L,燃油标号：95号
2024年4月,跑车关注排行榜*数据源于行业综合销售,斯巴鲁BRZ,30.88-34.08万,69200,质保：三年或10万公里,环保标准：国VI，国IV(国V)，国V,油耗：7.5 - 8.2L,燃油标号：95号
2024年4月,跑车关注排行榜*数据源于行业综合销售,GranCabrio,243.80万,59076,质保：三年不限公里,环保标准：欧V，欧IV,油耗：14.5L,燃油标号：95号
2024年4月,跑车关注排行榜*数据源于行业综合销售,宝马M2,59.90万,48827,质保：三年或10万公里,环保标准：国V，国VI,油耗：8.1 - 8.8L,燃油标号：95号
2024年4月,跑车关注排行榜*数据源于行业综合销售,魅影,505.00-590.00万,47549,质保：四年不限公里,环保标准：国VI，欧V,油耗：14.3 - 13.8L,燃油标号：95号
2024年4月,跑车关注排行榜*数据源于行业综合销售,曜影,520.00-620.00万,41284,质保：四年不限公里,环保标准：欧V，欧V/国V，国VI,油耗：14.3 - 14.9L,燃油标号：95号
2024年4月,跑车关注排行榜*数据源于行业综合销售,V8 Vantage,223.80万,35407,质保：三年不限公里，两年或6万公里，3年或不限里程,环保标准：国VI，欧IV，欧V,油耗：11.6 - 9.5L,燃油标号：95号
2024年4月,跑车关注排行榜*数据源于行业综合销售,奔驰SL级AMG,199.98万,27829,质保：三年不限公里,环保标准：欧IV，欧V，国VI,油耗：17 - 10.9L,燃油标号：95号
2024年4月,跑车关注排行榜*数据源于行业综合销售,前途K50,75.43万,6430,质保：暂无数据,环保标准：暂无数据,油耗：暂无数据,燃油标号：暂无数据
2024年4月,跑车关注排行榜*数据源于行业综合销售,阿斯顿·马丁DBS,400.80-410.80万,528,质保：三年不限公里，三年或6万公里，待查,环保标准：国VI，欧IV，欧VI,油耗：14L,燃油标号：95号
2024年4月,小型SUV关注排行榜*数据源于行业综合销售,宝骏510,5.38-8.08万,1808520,质保：三年或6万公里,环保标准：国V，国VI,油耗：6.3 - 5.9L,燃油标号：92号
2024年4月,小型SUV关注排行榜*数据源于行业综合销售,本田XR-V,11.99-15.29万,1002781,质保：三年或10万公里,环保标准：国V，国VI，国IV(国V),油耗：6.1 - 5.9L,燃油标号：92号
2024年4月,小型SUV关注排行榜*数据源于行业综合销售,劲客,8.98-10.38万,969208,质保：三年或10万公里,环保标准：国VI，国V,油耗：5.6 - 5.9L,燃油标号：92号
2024年4月,小型SUV关注排行榜*数据源于行业综合销售,名爵ZS,8.58-9.98万,570042,质保：三年或10万公里,环保标准：国VI，国V,油耗：6.3 - 6.6L,燃油标号：92号
2024年4月,小型SUV关注排行榜*数据源于行业综合销售,缤智,11.99-13.99万,530647,质保：三年或10万公里,环保标准：国VI，国V，国IV(国V),油耗：6.3 - 7L,燃油标号：92号
2024年4月,小型SUV关注排行榜*数据源于行业综合销售,森雅R7,7.98-8.98万,358019,质保：三年或10万公里,环保标准：国V,油耗：6.5 - 6.9L,燃油标号：92号
2024年4月,小型SUV关注排行榜*数据源于行业综合销售,东南DX3,6.19-12.99万,338402,质保：三年或10万公里，五年或15万公里,环保标准：国V，国VI,油耗：6.7 - 7.3L,燃油标号：92号
2024年4月,小型SUV关注排行榜*数据源于行业综合销售,长安CS15,6.19-7.69万,309329,质保：三年或10万公里,环保标准：国VI，国V,油耗：6.1 - 5.9L,燃油标号：92号
2024年4月,小型SUV关注排行榜*数据源于行业综合销售,雪铁龙C3-XR,11.39万,184972,质保：三年或10万公里,环保标准：国IV(国V)，国V，国IV/国V，国VI,油耗：7.3 - 6.7L,燃油标号：92号 - 93号(京92号)
2024年4月,小型SUV关注排行榜*数据源于行业综合销售,瑞虎3x,4.99-8.49万,174926,质保：三年或10万公里,环保标准：国VI，国V,油耗：6.9 - 6.1L,燃油标号：92号
2024年4月,小型SUV关注排行榜*数据源于行业综合销售,北京现代ix25,10.58-13.68万,165362,质保：三年或10万公里，五年或10万公里,环保标准：国VI，国IV(国V)，国V,油耗：5.3 - 7.6L,燃油标号：92号
2024年4月,小型SUV关注排行榜*数据源于行业综合销售,昂科拉,12.59-13.59万,143958,质保：三年或10万公里，3年或10万公里,环保标准：国V，国VI,油耗：7.3 - 6.7L,燃油标号：92号
2024年4月,小型SUV关注排行榜*数据源于行业综合销售,创酷,10.99-12.89万,112321,质保：三年或10万公里，3年或10万公里,环保标准：国V，国VI,油耗：6.9 - 5.7L,燃油标号：92号
2024年4月,小型SUV关注排行榜*数据源于行业综合销售,凯翼X3,6.39-7.59万,97799,质保：三年或6万公里,环保标准：国V，国VI，国V+OBD,油耗：7.6 - 7.3L,燃油标号：92号
2024年4月,小型SUV关注排行榜*数据源于行业综合销售,KX3傲跑,10.88-13.68万,93402,质保：三年或10万公里,环保标准：国V，国IV(国V)，国VI,油耗：7.1 - 6.6L,燃油标号：92号
2024年4月,小型SUV关注排行榜*数据源于行业综合销售,212,9.28-10.59万,78215,质保：三年或6万公里，两年或5万公里,环保标准：国V，国VI，国IV，国IV+OBD,油耗：10.8 - 7.5L,燃油标号：0号 - 92号
2024年4月,小型SUV关注排行榜*数据源于行业综合销售,标致2008,9.97万,66003,质保：三年或10万公里,环保标准：国V，国VI，国IV(国V),油耗：6.3 - 6.7L,燃油标号：92号
2024年4月,小型SUV关注排行榜*数据源于行业综合销售,众泰T300,5.98万,32620,质保：三年或10万公里,环保标准：国V，国VI,油耗：7.1 - 7.2L,燃油标号：92号
2024年4月,紧凑型SUV关注排行榜*数据源于行业综合销售,哈弗H6,9.89-15.70万,2119201,质保：五年或10万公里，三年或10万公里，三年或6万公里，5年或10万公里,环保标准：国IV(国V)，国VI，国V，国IV，国IV/国V，国IV+OBD,油耗：10.4 - 6.7L,燃油标号：92号 - 0号
2024年4月,紧凑型SUV关注排行榜*数据源于行业综合销售,本田CR-V,18.59-26.39万,1293667,质保：三年或10万公里，两年或6万公里，2年或6万公里,环保标准：国V，国VI，国II，国IV(国V)，欧IV,油耗：4.8 - 5.3L,燃油标号：92号
2024年4月,紧凑型SUV关注排行榜*数据源于行业综合销售,长安CS75,10.29-11.99万,1291316,质保：三年或10万公里，三年或6万公里,环保标准：国V，国IV，国VI,油耗：7.4 - 8.8L,燃油标号：92号
2024年4月,紧凑型SUV关注排行榜*数据源于行业综合销售,传祺GS4,11.58-12.58万,1113103,质保：三年或10万公里,环保标准：国VI，国V,油耗：6.8 - 6.4L,燃油标号：92号 - 95号
2024年4月,紧凑型SUV关注排行榜*数据源于行业综合销售,瑞虎7,7.49-14.99万,1071046,质保：三年或10万公里,环保标准：国VI，国V,油耗：6.9 - 6.3L,燃油标号：92号
2024年4月,紧凑型SUV关注排行榜*数据源于行业综合销售,博越,9.98-12.58万,1068059,质保：四年或10万公里,环保标准：国V，国VI,油耗：7.8 - 6.4L,燃油标号：92号
2024年4月,紧凑型SUV关注排行榜*数据源于行业综合销售,宝马X1,28.89-34.99万,787160,质保：三年或10万公里，两年不限公里,环保标准：国IV(国V)，国VI，欧IV，国V,油耗：6.9 - 8.3L,燃油标号：95号
2024年4月,紧凑型SUV关注排行榜*数据源于行业综合销售,欧蓝德,14.68-22.98万,645098,质保：五年或10万公里,环保标准：国V，国VI,油耗：8.1 - 7.5L,燃油标号：92号
2024年4月,紧凑型SUV关注排行榜*数据源于行业综合销售,奇骏,17.99-26.29万,643322,质保：三年或10万公里，两年或6万公里,环保标准：国V，国VI，欧IV+OBD，国IV(国V),油耗：7.7 - 8.3L,燃油标号：92号
2024年4月,紧凑型SUV关注排行榜*数据源于行业综合销售,逍客,12.59-17.49万,619457,质保：两年或6万公里，三年或10万公里,环保标准：欧IV+OBD，国VI，国V，国IV(国V)，欧IV,油耗：8.4 - 6L,燃油标号：92号
2024年4月,紧凑型SUV关注排行榜*数据源于行业综合销售,远景X6,7.59-8.99万,594909,质保：四年或10万公里,环保标准：国V，国VI,油耗：6.3 - 6.4L,燃油标号：92号
2024年4月,紧凑型SUV关注排行榜*数据源于行业综合销售,荣威RX5,9.99-15.59万,569614,质保：三年或10万公里，待查,环保标准：国VI，国V,油耗：6 - 6.3L,燃油标号：92号 - 93号(京92号)
2024年4月,紧凑型SUV关注排行榜*数据源于行业综合销售,奥迪Q3,27.88-33.59万,530456,质保：三年或10万公里,环保标准：国VI，国V，国IV(国V),油耗：6.7 - 8L,燃油标号：95号
2024年4月,紧凑型SUV关注排行榜*数据源于行业综合销售,劲炫ASX,9.98-13.98万,510930,质保：五年或10万公里,环保标准：国V，国IV(国V)，国VI,油耗：7.5 - 6.3L,燃油标号：92号
2024年4月,紧凑型SUV关注排行榜*数据源于行业综合销售,奔驰GLA,28.78-34.48万,505380,质保：三年不限公里,环保标准：国V，国VI,油耗：7.3 - 6L,燃油标号：95号
2024年4月,紧凑型SUV关注排行榜*数据源于行业综合销售,RAV4荣放,17.68-26.38万,440592,质保：三年或10万公里,环保标准：欧IV，国VI，国IV(国V)，国V,油耗：9.4 - 5.8L,燃油标号：95号 - 92号
2024年4月,紧凑型SUV关注排行榜*数据源于行业综合销售,哈弗M6,7.19-9.29万,413398,质保：三年或10万公里,环保标准：国V，国VI,油耗：6.8 - 7L,燃油标号：92号
2024年4月,紧凑型SUV关注排行榜*数据源于行业综合销售,领克01,15.58-20.68万,394969,质保：四年或10万公里，不限年限或不限里程,环保标准：国VI，国V,油耗：6.5 - 7.8L,燃油标号：95号 - 92号
2024年4月,紧凑型SUV关注排行榜*数据源于行业综合销售,途胜,16.18-22.58万,336750,质保：两年或6万公里，五年或10万公里，2年或6万公里，三年或10万公里，可选:三年或15万公里/五年或10万公里/七年或7万公里,环保标准：国III，国VI，国IV(国V)，国V，国IV,油耗：11.1 - 10L,燃油标号：92号
2024年4月,紧凑型SUV关注排行榜*数据源于行业综合销售,马自达CX-5,12.58-21.08万,330597,质保：三年或10万公里,环保标准：国VI，国V，国IV(国V),油耗：6.8 - 7.5L,燃油标号：92号
2024年4月,紧凑型SUV关注排行榜*数据源于行业综合销售,东南DX7,9.99-13.99万,281073,质保：3年或10万公里，三年或10万公里,环保标准：国V，国VI,油耗：7.6 - 6.9L,燃油标号：92号
2024年4月,紧凑型SUV关注排行榜*数据源于行业综合销售,标致4008,16.97万,237787,质保：三年或10万公里，五年或15万公里,环保标准：国VI，国V,油耗：6.3 - 6.2L,燃油标号：92号
2024年4月,紧凑型SUV关注排行榜*数据源于行业综合销售,风行SX6,6.99-7.69万,233784,质保：八年或16万公里，五年或10万公里,环保标准：国V，国VI,油耗：7.4 - 7.1L,燃油标号：92号
2024年4月,紧凑型SUV关注排行榜*数据源于行业综合销售,东风风神AX7,10.99-13.98万,186880,质保：三年或10万公里,环保标准：国V，国VI,油耗：8.7 - 8.2L,燃油标号：92号
2024年4月,紧凑型SUV关注排行榜*数据源于行业综合销售,智跑,13.98-15.78万,171127,质保：五年或10万公里，三年或5万公里,环保标准：国IV(国V)，国VI，国IV，国V,油耗：7.8 - 8.1L,燃油标号：92号
2024年4月,紧凑型SUV关注排行榜*数据源于行业综合销售,北京现代ix35,12.98-15.58万,165658,质保：五年或10万公里，三年或10万公里，两年或6万公里,环保标准：国IV+OBD，国V，国VI,油耗：9.1 - 8.7L,燃油标号：92号
2024年4月,紧凑型SUV关注排行榜*数据源于行业综合销售,北京BJ40,13.98-27.29万,149507,质保：三年或10万公里,环保标准：国V，国IV(国V)，国VI,油耗：9.1 - 8.3L,燃油标号：92号 - 0号
2024年4月,紧凑型SUV关注排行榜*数据源于行业综合销售,天逸 C5 AIRCROSS,15.27-16.97万,131393,质保：三年或10万公里，五年或15万公里,环保标准：国V，国VI,油耗：6.8 - 6.9L,燃油标号：92号
2024年4月,紧凑型SUV关注排行榜*数据源于行业综合销售,起亚KX5,16.28-19.18万,108094,质保：五年或10万公里,环保标准：国IV(国V)，国VI,油耗：6.9 - 7.2L,燃油标号：92号
2024年4月,紧凑型SUV关注排行榜*数据源于行业综合销售,森林人,22.38-28.38万,97195,质保：三年或10万公里，两年或6万公里,环保标准：国IV(国V)，欧IV，国VI，国V，欧III,油耗：7.1 - 8.7L,燃油标号：92号 - 98号
2024年4月,紧凑型SUV关注排行榜*数据源于行业综合销售,荣威RX5新能源,14.79-16.28万,96155,质保：三年或10万公里，五年或10万公里,环保标准：国V，国VI,油耗：1.6 - 1.4L,燃油标号：92号
2024年4月,紧凑型SUV关注排行榜*数据源于行业综合销售,勇士,10.68-16.17万,67953,质保：三年或6万公里,环保标准：国IV，国V，国VI，国III,油耗：11.9 - 11.99L,燃油标号：92号 - 0号
2024年4月,紧凑型SUV关注排行榜*数据源于行业综合销售,开瑞K60,5.99-6.69万,49504,质保：三年或6万公里,环保标准：国V，国VI,油耗：7.1 - 7.6L,燃油标号：92号
2024年4月,紧凑型SUV关注排行榜*数据源于行业综合销售,MINI COUNTRYMAN,24.98-35.76万,31349,质保：三年或10万公里,环保标准：国V，国VI，欧V，欧IV,油耗：6.3 - 8.3L,燃油标号：95号
2024年4月,紧凑型SUV关注排行榜*数据源于行业综合销售,奔驰GLA AMG,43.98-44.50万,25612,质保：三年或10万公里,环保标准：欧V，国VI，国V,油耗：7.9 - 8.1L,燃油标号：95号
2024年4月,中型SUV关注排行榜*数据源于行业综合销售,探界者,18.49-23.99万,1134527,质保：三年或10万公里,环保标准：国V，国VI,油耗：6.7 - 7.3L,燃油标号：92号 - 95号
2024年4月,中型SUV关注排行榜*数据源于行业综合销售,途观L,18.68-26.08万,1028423,质保：三年或10万公里,环保标准：国V，国VI,油耗：8.2 - 6.7L,燃油标号：95号
2024年4月,中型SUV关注排行榜*数据源于行业综合销售,汉兰达,26.88-34.88万,990715,质保：三年或10万公里,环保标准：国IV(国V)，国VI，国V，国IV,油耗：10.4 - 8.6L,燃油标号：92号 - 95号
2024年4月,中型SUV关注排行榜*数据源于行业综合销售,昂科威,20.99-30.99万,799124,质保：三年或10万公里,环保标准：国V，国VI,油耗：8.8 - 7.6L,燃油标号：95号 - 92号
2024年4月,中型SUV关注排行榜*数据源于行业综合销售,冠道,22.48-33.28万,781728,质保：三年或10万公里,环保标准：国VI，国V,油耗：7.6 - 8.1L,燃油标号：92号
2024年4月,中型SUV关注排行榜*数据源于行业综合销售,标致5008,17.87-23.37万,692901,质保：三年或10万公里，五年或15万公里,环保标准：国VI，国V,油耗：6.5 - 6.6L,燃油标号：92号 - 95号
2024年4月,中型SUV关注排行榜*数据源于行业综合销售,传祺GS8,18.68-26.98万,692632,质保：三年或10万公里，五年或15万公里,环保标准：国VI，国V,油耗：7.9 - 5.8L,燃油标号：95号 - 92号
2024年4月,中型SUV关注排行榜*数据源于行业综合销售,本田UR-V,24.68-32.98万,638467,质保：三年或10万公里,环保标准：国VI，国V,油耗：7.2 - 8.7L,燃油标号：92号
2024年4月,中型SUV关注排行榜*数据源于行业综合销售,风光580,7.99-12.99万,598869,质保：七年或15万公里,环保标准：国V，国VI,油耗：7.4 - 7.5L,燃油标号：92号
2024年4月,中型SUV关注排行榜*数据源于行业综合销售,奔驰GLC,42.78-53.13万,466456,质保：三年不限公里,环保标准：国VI，欧V,油耗：8.2 - 7.6L,燃油标号：95号
2024年4月,中型SUV关注排行榜*数据源于行业综合销售,启辰T90,11.88-15.48万,438356,质保：三年或10万公里,环保标准：国V，国VI,油耗：7.7 - 7.6L,燃油标号：92号
2024年4月,中型SUV关注排行榜*数据源于行业综合销售,锐界,22.98-30.98万,384569,质保：三年或10万公里,环保标准：国V，国VI,油耗：10 - 9.6L,燃油标号：92号
2024年4月,中型SUV关注排行榜*数据源于行业综合销售,凯迪拉克XT5,35.27-45.27万,376626,质保：三年不限公里,环保标准：国V，国VI,油耗：8.2 - 7.4L,燃油标号：95号
2024年4月,中型SUV关注排行榜*数据源于行业综合销售,Macan,57.30-85.80万,364458,质保：三年或10万公里,环保标准：欧V，国VI,油耗：10.1 - 8.1L,燃油标号：95号
2024年4月,中型SUV关注排行榜*数据源于行业综合销售,揽胜极光,38.98-47.58万,360600,质保：三年或10万公里,环保标准：国V，国VI，欧V,油耗：7.2 - 7.1L,燃油标号：95号
2024年4月,中型SUV关注排行榜*数据源于行业综合销售,宝马X3(进口),63.69万,344514,质保：两年不限公里，三年或10万公里,环保标准：欧IV，欧VI，国VI，欧III,油耗：8.9 - 7.7L,燃油标号：95号
2024年4月,中型SUV关注排行榜*数据源于行业综合销售,牧马人,45.99-56.99万,343492,质保：三年或8万公里，3年或8万公里,环保标准：国VI，国IV，国V，国IV(国V)，欧IV，欧III,油耗：9 - 12.1L,燃油标号：95号 - 0号
2024年4月,中型SUV关注排行榜*数据源于行业综合销售,胜达,20.28-27.28万,272896,质保：五年或10万公里，可选:三年或15万公里/五年或10万公里/七年或7万公里,环保标准：国IV(国V)，国VI，国V,油耗：9.2 - 9.8L,燃油标号：92号
2024年4月,中型SUV关注排行榜*数据源于行业综合销售,捷豹F-PACE,47.20-66.80万,266380,质保：三年或10万公里,环保标准：国V，国VI,油耗：7.7 - 8.5L,燃油标号：95号
2024年4月,中型SUV关注排行榜*数据源于行业综合销售,楼兰,23.88-28.38万,260958,质保：三年或10万公里，五年或20万公里，四年或10万公里,环保标准：国VI，国V，欧IV+OBD,油耗：8.7 - 11.1L,燃油标号：92号 - 95号
2024年4月,中型SUV关注排行榜*数据源于行业综合销售,沃尔沃XC60,37.79-47.49万,220175,质保：三年不限公里,环保标准：国VI，国V,油耗：7.9 - 7L,燃油标号：95号
2024年4月,中型SUV关注排行榜*数据源于行业综合销售,唐新能源,17.98-30.98万,184451,质保：六年或15万公里,环保标准：国V，国VI,油耗：1.8 - 1.5L,燃油标号：92号
2024年4月,中型SUV关注排行榜*数据源于行业综合销售,Stelvio斯坦维,37.70-49.58万,172922,质保：三年不限公里,环保标准：国VI，国V,油耗：7.9 - 10.7L,燃油标号：95号 - 92号
2024年4月,中型SUV关注排行榜*数据源于行业综合销售,雷克萨斯NX,29.80-54.88万,166598,质保：四年或10万公里，六年或15万公里,环保标准：国V，国VI,油耗：7.4 - 7.3L,燃油标号：92号 - 95号
2024年4月,中型SUV关注排行榜*数据源于行业综合销售,驭胜S350,15.98-20.18万,155888,质保：三年或6万公里，三年或10万公里，两年或6万公里,环保标准：国IV，国V，国VI，国IV(国V),油耗：9.9 - 8.2L,燃油标号：92号 - 0号
2024年4月,中型SUV关注排行榜*数据源于行业综合销售,撼路者,27.58-37.48万,144522,质保：三年或10万公里,环保标准：国VI，国V，国IV,油耗：10.1 - 7.2L,燃油标号：92号 - 0号
2024年4月,中型SUV关注排行榜*数据源于行业综合销售,SWM斯威X7,6.39-10.79万,137422,质保：八年或16万公里,环保标准：国V，国VI,油耗：7.3 - 7.9L,燃油标号：92号
2024年4月,中型SUV关注排行榜*数据源于行业综合销售,奔驰GLC轿跑,47.20-57.20万,135722,质保：三年不限公里,环保标准：国VI，欧V,油耗：8.3 - 8L,燃油标号：95号 - 98号
2024年4月,中型SUV关注排行榜*数据源于行业综合销售,揽胜星脉,56.80-78.80万,127931,质保：三年或10万公里,环保标准：国VI，国V，国V(国VI),油耗：7.7 - 8.2L,燃油标号：95号
2024年4月,中型SUV关注排行榜*数据源于行业综合销售,宝马X4,46.69-66.69万,110780,质保：三年或10万公里,环保标准：欧V，国VI,油耗：7.5 - 8.7L,燃油标号：95号
2024年4月,中型SUV关注排行榜*数据源于行业综合销售,英菲尼迪QX50,33.38-46.98万,98175,质保：四年或10万公里,环保标准：国VI，欧V,油耗：8.2 - 7.7L,燃油标号：95号
2024年4月,中型SUV关注排行榜*数据源于行业综合销售,mu-X牧游侠,16.68-27.98万,75150,质保：三年或10万公里，三年或6万公里,环保标准：国V，国IV，国VI,油耗：7.6 - 7.8L,燃油标号：0号 - 92号
2024年4月,中型SUV关注排行榜*数据源于行业综合销售,傲虎,29.98-33.08万,42230,质保：三年或10万公里，两年或6万公里，2年或6万公里,环保标准：欧IV，欧V，国VI,油耗：10.6 - 9.1L,燃油标号：95号 - 92号
2024年4月,中型SUV关注排行榜*数据源于行业综合销售,奥迪SQ5,59.88万,34234,质保：三年或10万公里,环保标准：国IV(国V)，国VI,油耗：8.8 - 9.3L,燃油标号：95号
2024年4月,中型SUV关注排行榜*数据源于行业综合销售,奔驰GLC AMG,66.67-118.08万,3961,质保：三年不限公里,环保标准：欧VI，国VI,油耗：9.2 - 10.3L,燃油标号：95号
2024年4月,中大型SUV关注排行榜*数据源于行业综合销售,途昂,24.90-40.50万,838804,质保：三年或10万公里,环保标准：国VI，国V,油耗：8.5 - 7.7L,燃油标号：95号
2024年4月,中大型SUV关注排行榜*数据源于行业综合销售,普拉多,47.00-57.00万,555811,质保：两年或5万公里，三年或10万公里，2年或5万公里,环保标准：欧IV，国IV(国V)，国V,油耗：12.6 - 12.8L,燃油标号：92号 - 95号
2024年4月,中大型SUV关注排行榜*数据源于行业综合销售,长安CS95,17.59-19.99万,555349,质保：三年或10万公里,环保标准：国VI，国V,油耗：8.9 - 9.4L,燃油标号：92号
2024年4月,中大型SUV关注排行榜*数据源于行业综合销售,哈弗H9,21.48-27.98万,376147,质保：三年或10万公里,环保标准：国V，国VI,油耗：12.3 - 8.3L,燃油标号：95号 - 0号
2024年4月,中大型SUV关注排行榜*数据源于行业综合销售,揽胜,142.80-335.80万,340774,质保：三年或10万公里，3年或10万公里，3年或6万公里，待查,环保标准：欧V，国VI，欧IV,油耗：12.7 - 11.5L,燃油标号：95号 - 0号
2024年4月,中大型SUV关注排行榜*数据源于行业综合销售,Cayenne,91.30-250.80万,321724,质保：三年或10万公里，2年或不限里程，3年或6万公里，三年不限公里，3年或不限里程,环保标准：国VI，欧V，欧IV，欧4，欧Ⅳ，国4,油耗：9 - 10.4L,燃油标号：95号
2024年4月,中大型SUV关注排行榜*数据源于行业综合销售,途锐,53.38-79.38万,305593,质保：两年不限公里，三年或10万公里，4年或8万公里,环保标准：欧IV，国VI，国IV，欧V，国V,油耗：9.7 - 8.9L,燃油标号：0号 - 95号
2024年4月,中大型SUV关注排行榜*数据源于行业综合销售,奥迪Q7,63.28-80.48万,284163,质保：三年或10万公里，两年不限公里，2年或不限里程，两年或6万公里,环保标准：国V，国VI，国IV(国V)，欧V，欧IV，国IV，欧III,油耗：9.2 - 13.9L,燃油标号：95号 - 0号
2024年4月,中大型SUV关注排行榜*数据源于行业综合销售,揽胜运动版,96.80-130.80万,244091,质保：三年或10万公里，3年或10万公里,环保标准：欧V，国VI，欧IV,油耗：13.1 - 10.3L,燃油标号：95号 - 0号
2024年4月,中大型SUV关注排行榜*数据源于行业综合销售,宝马X6,79.99-97.59万,240103,质保：三年或10万公里，2年或不限里程，两年不限公里，3年或10万公里，两年或10万公里,环保标准：国IV(国V)，国V，欧IV，欧V，国VI，欧VI,油耗：9.1 - 11.5L,燃油标号：95号 - 0号
2024年4月,中大型SUV关注排行榜*数据源于行业综合销售,奔驰GLE,69.98-91.78万,230911,质保：三年不限公里,环保标准：欧V，国VI，欧V/国V，欧IV,油耗：9.3 - 3.7L,燃油标号：95号 - 0号
2024年4月,中大型SUV关注排行榜*数据源于行业综合销售,北京BJ80,29.49-39.80万,225163,质保：三年或6万公里,环保标准：国V，国VI，国IV,油耗：11.2L,燃油标号：95号 - 0号
2024年4月,中大型SUV关注排行榜*数据源于行业综合销售,Model X,73.89-83.89万,224699,质保：暂无数据,环保标准：暂无数据,油耗：暂无数据,燃油标号：暂无数据
2024年4月,中大型SUV关注排行榜*数据源于行业综合销售,Levante,86.68-118.98万,211750,质保：三年不限公里,环保标准：国VI，国V,油耗：9.6 - 13.2L,燃油标号：95号
2024年4月,中大型SUV关注排行榜*数据源于行业综合销售,大切诺基(进口),52.99-71.49万,182151,质保：三年或8万公里，3年或8万公里,环保标准：国IV(国V)，欧IV，国IV，国VI，国V,油耗：10.4 - 8.5L,燃油标号：92号 - 0号
2024年4月,中大型SUV关注排行榜*数据源于行业综合销售,奔驰G级,142.48-254.00万,173547,质保：三年不限公里，两年不限公里,环保标准：欧IV，欧VI，国VI，欧V,油耗：15.7 - 10.7L,燃油标号：95号 - 0号
2024年4月,中大型SUV关注排行榜*数据源于行业综合销售,奔驰G级AMG,254.70-292.00万,157320,质保：三年不限公里，两年不限公里,环保标准：欧V，国VI，欧IV,油耗：11.9 - 16.3L,燃油标号：95号
2024年4月,中大型SUV关注排行榜*数据源于行业综合销售,沃尔沃XC90,63.89-78.19万,153703,质保：三年不限公里，两年或10万公里，2年或10万公里,环保标准：国VI，国V，欧IV，国IV(国V)，欧V/国V，欧V,油耗：8.1 - 8.8L,燃油标号：95号
2024年4月,中大型SUV关注排行榜*数据源于行业综合销售,发现,65.88-89.88万,146019,质保：三年或10万公里,环保标准：欧VI，欧V，国VI，欧IV，国V，欧III,油耗：10.7 - 12.4L,燃油标号：95号 - 92号
2024年4月,中大型SUV关注排行榜*数据源于行业综合销售,添越,269.90-411.20万,79419,质保：三年不限公里,环保标准：国VI，欧VI,油耗：11.6 - 13.1L,燃油标号：98号 - 95号
2024年4月,中大型SUV关注排行榜*数据源于行业综合销售,雷克萨斯GX,77.80-88.80万,55837,质保：四年或10万公里,环保标准：欧IV,油耗：13.2 - 12.7L,燃油标号：92号 - 95号
2024年4月,中大型SUV关注排行榜*数据源于行业综合销售,宝马X6 M,146.89万,47714,质保：三年或10万公里,环保标准：国VI，欧IV，欧V,油耗：14.3 - 11.4L,燃油标号：95号
2024年4月,中大型SUV关注排行榜*数据源于行业综合销售,宝马X5 M,143.89-144.89万,33788,质保：三年或10万公里,环保标准：欧IV，欧VI，国VI,油耗：14.3 - 12.9L,燃油标号：95号
2024年4月,中大型SUV关注排行榜*数据源于行业综合销售,奔驰GLE AMG,102.38-162.68万,26505,质保：三年不限公里，3年或不限里程,环保标准：国VI，欧V,油耗：12.5 - 9.8L,燃油标号：95号
2024年4月,中大型SUV关注排行榜*数据源于行业综合销售,蔚来ES8,49.60-65.60万,25645,质保：暂无数据,环保标准：暂无数据,油耗：暂无数据,燃油标号：暂无数据
2024年4月,中大型SUV关注排行榜*数据源于行业综合销售,FF 91,176.90-219.55万,15895,质保：暂无数据,环保标准：暂无数据,油耗：暂无数据,燃油标号：暂无数据
2024年4月,中大型SUV关注排行榜*数据源于行业综合销售,奥迪Q8,78.28-114.68万,15591,质保：三年或10万公里,环保标准：国VI,油耗：8.7 - 9L,燃油标号：95号
2024年4月,中大型SUV关注排行榜*数据源于行业综合销售,路虎卫士,68.80-171.60万,7167,质保：三年或10万公里,环保标准：国VI，欧III，欧IV,油耗：9.6 - 10.5L,燃油标号：95号 - 0号
2024年4月,中大型SUV关注排行榜*数据源于行业综合销售,博速 G级,698.00-1200.00万,1809,质保：待查，三年不限公里,环保标准：国VI,油耗：14.5L,燃油标号：95号
2024年4月,全尺寸SUV关注排行榜*数据源于行业综合销售,途乐,79.80-83.80万,233272,质保：两年或6万公里，三年或10万公里，三年或6万公里，2年或6万公里,环保标准：欧III，国V，国VI，欧IV，国IV,油耗：11.9 - 14.7L,燃油标号：92号 - 95号
2024年4月,全尺寸SUV关注排行榜*数据源于行业综合销售,奔驰GLS,109.38-139.70万,186945,质保：三年不限公里,环保标准：国VI，欧V,油耗：7.9 - 9.5L,燃油标号：95号 - 0号
2024年4月,全尺寸SUV关注排行榜*数据源于行业综合销售,领航员,100.80-129.80万,137209,质保：三年或10万公里，2年或不限里程，2年或2万公里，待查，两年或6万公里,环保标准：国VI，国V，欧IV，欧III,油耗：11.4 - 12.5L,燃油标号：92号 - 95号
2024年4月,全尺寸SUV关注排行榜*数据源于行业综合销售,卡尔曼,1200.00万,29957,质保：暂无数据,环保标准：暂无数据,油耗：暂无数据,燃油标号：暂无数据
2024年4月,全尺寸SUV关注排行榜*数据源于行业综合销售,宝马X7,103.90-172.90万,27577,质保：三年或10万公里,环保标准：国VI,油耗：8.9 - 10.9L,燃油标号：95号
2024年4月,全尺寸SUV关注排行榜*数据源于行业综合销售,奔驰GLS AMG,247.10万,15250,质保：三年不限公里,环保标准：欧V,油耗：13L,燃油标号：95号
2024年4月,MPV关注排行榜*数据源于行业综合销售,瑞风M3,6.58-12.79万,460830,质保：三年或10万公里,环保标准：国V，国VI，国IV(国V),油耗：9 - 8.3L,燃油标号：92号
2024年4月,MPV关注排行榜*数据源于行业综合销售,别克GL8,23.29-47.39万,426894,质保：三年或10万公里，2年或6万公里，两年或6万公里,环保标准：国IV(国V)，国VI，国V，欧III，国IV+OBD，国III+OBD,油耗：8.5 - 9L,燃油标号：92号 - 95号
2024年4月,MPV关注排行榜*数据源于行业综合销售,奥德赛,23.58-43.98万,338935,质保：三年或10万公里，2年或6万公里,环保标准：国IV，国II，国IV(国V)，国VI，国V，欧IV,油耗：9.2 - 5.7L,燃油标号：92号
2024年4月,MPV关注排行榜*数据源于行业综合销售,长安欧尚A600,5.29万,309657,质保：三年或10万公里，两年或5万公里,环保标准：国V，国IV(国V)，国VI,油耗：7.1 - 7.2L,燃油标号：92号
2024年4月,MPV关注排行榜*数据源于行业综合销售,艾力绅,27.98-33.18万,251794,质保：三年或10万公里,环保标准：国VI，国IV(国V)，国V,油耗：9.4 - 5.9L,燃油标号：92号
2024年4月,MPV关注排行榜*数据源于行业综合销售,埃尔法,83.90-92.80万,203653,质保：三年或10万公里,环保标准：国V，欧IV，国VI,油耗：10.4 - 7.1L,燃油标号：95号 - 92号
2024年4月,MPV关注排行榜*数据源于行业综合销售,菱智,5.99-9.99万,175452,质保：五年或10万公里，两年或5万公里，两年或六万公里，2年或6万公里,环保标准：国V，国IV，欧III，国IV(国V)，国VI，国IV+OBD，国Ⅲ，国Ⅳ+OBD，欧Ⅲ,油耗：9.1 - 7.6L,燃油标号：92号 - 0号
2024年4月,MPV关注排行榜*数据源于行业综合销售,上汽大通MAXUS G10,12.08-19.08万,148115,质保：三年或6万公里,环保标准：国V，国VI，国IV,油耗：10.3 - 9.3L,燃油标号：92号 - 0号
2024年4月,MPV关注排行榜*数据源于行业综合销售,途安,16.68-19.58万,110153,质保：三年或10万公里，两年或6万公里，2年或6万公里,环保标准：国V，国III，国IV(国V)，国VI,油耗：5.9 - 10.3L,燃油标号：95号 - 92号
2024年4月,MPV关注排行榜*数据源于行业综合销售,途睿欧,21.96-26.00万,81865,质保：三年或6万公里,环保标准：国V，国VI,油耗：10 - 9.5L,燃油标号：92号
2024年4月,MPV关注排行榜*数据源于行业综合销售,瑞风M4,10.58-15.98万,78109,质保：五年或10万公里,环保标准：国V，国VI,油耗：9.5 - 10.6L,燃油标号：92号 - 0号
2024年4月,MPV关注排行榜*数据源于行业综合销售,斯派卡,4.99-7.99万,1312,质保：七年或15万公里，三年或6万公里,环保标准：国VI，国V,油耗：7.2 - 6.9L,燃油标号：92号
2024年4月,MPV关注排行榜*数据源于行业综合销售,嘉华,28.99-34.09万,368,质保：三年或5万公里，五年或10万公里，3年或5万公里,环保标准：欧IV，国VI,油耗：7.8 - 12.2L,燃油标号：92号
2024年4月,MPV关注排行榜*数据源于行业综合销售,瑞风M3,6.58-12.79万,460830,质保：三年或10万公里,环保标准：国V，国VI，国IV(国V),油耗：9 - 8.3L,燃油标号：92号
2024年4月,MPV关注排行榜*数据源于行业综合销售,别克GL8,23.29-47.39万,426894,质保：三年或10万公里，2年或6万公里，两年或6万公里,环保标准：国IV(国V)，国VI，国V，欧III，国IV+OBD，国III+OBD,油耗：8.5 - 9L,燃油标号：92号 - 95号
2024年4月,MPV关注排行榜*数据源于行业综合销售,奥德赛,23.58-43.98万,338935,质保：三年或10万公里，2年或6万公里,环保标准：国IV，国II，国IV(国V)，国VI，国V，欧IV,油耗：9.2 - 5.7L,燃油标号：92号
2024年4月,MPV关注排行榜*数据源于行业综合销售,长安欧尚A600,5.29万,309657,质保：三年或10万公里，两年或5万公里,环保标准：国V，国IV(国V)，国VI,油耗：7.1 - 7.2L,燃油标号：92号
2024年4月,MPV关注排行榜*数据源于行业综合销售,艾力绅,27.98-33.18万,251794,质保：三年或10万公里,环保标准：国VI，国IV(国V)，国V,油耗：9.4 - 5.9L,燃油标号：92号
2024年4月,MPV关注排行榜*数据源于行业综合销售,埃尔法,83.90-92.80万,203653,质保：三年或10万公里,环保标准：国V，欧IV，国VI,油耗：10.4 - 7.1L,燃油标号：95号 - 92号
2024年4月,MPV关注排行榜*数据源于行业综合销售,菱智,5.99-9.99万,175452,质保：五年或10万公里，两年或5万公里，两年或六万公里，2年或6万公里,环保标准：国V，国IV，欧III，国IV(国V)，国VI，国IV+OBD，国Ⅲ，国Ⅳ+OBD，欧Ⅲ,油耗：9.1 - 7.6L,燃油标号：92号 - 0号
2024年4月,MPV关注排行榜*数据源于行业综合销售,上汽大通MAXUS G10,12.08-19.08万,148115,质保：三年或6万公里,环保标准：国V，国VI，国IV,油耗：10.3 - 9.3L,燃油标号：92号 - 0号
2024年4月,MPV关注排行榜*数据源于行业综合销售,途安,16.68-19.58万,110153,质保：三年或10万公里，两年或6万公里，2年或6万公里,环保标准：国V，国III，国IV(国V)，国VI,油耗：5.9 - 10.3L,燃油标号：95号 - 92号
2024年4月,MPV关注排行榜*数据源于行业综合销售,途睿欧,21.96-26.00万,81865,质保：三年或6万公里,环保标准：国V，国VI,油耗：10 - 9.5L,燃油标号：92号
2024年4月,MPV关注排行榜*数据源于行业综合销售,瑞风M4,10.58-15.98万,78109,质保：五年或10万公里,环保标准：国V，国VI,油耗：9.5 - 10.6L,燃油标号：92号 - 0号
2024年4月,MPV关注排行榜*数据源于行业综合销售,斯派卡,4.99-7.99万,1312,质保：七年或15万公里，三年或6万公里,环保标准：国VI，国V,油耗：7.2 - 6.9L,燃油标号：92号
2024年4月,MPV关注排行榜*数据源于行业综合销售,嘉华,28.99-34.09万,368,质保：三年或5万公里，五年或10万公里，3年或5万公里,环保标准：欧IV，国VI,油耗：7.8 - 12.2L,燃油标号：92号
